День;Код_Состояния;Описание
1;1;Ясно (1)
2;1;Ясно (1)
3;3;Пасмурно (3)
4;3;Пасмурно (3)
5;2;Облачно (2)
6;3;Пасмурно (3)
7;2;Облачно (2)
8;2;Облачно (2)
9;2;Облачно (2)
10;3;Пасмурно (3)
11;2;Облачно (2)
12;3;Пасмурно (3)
13;3;Пасмурно (3)
14;3;Пасмурно (3)
15;3;Пасмурно (3)
16;3;Пасмурно (3)
17;3;Пасмурно (3)
18;1;Ясно (1)
19;1;Ясно (1)
20;1;Ясно (1)
21;1;Ясно (1)
22;2;Облачно (2)
23;2;Облачно (2)
24;2;Облачно (2)
25;1;Ясно (1)
26;2;Облачно (2)
27;2;Облачно (2)
28;2;Облачно (2)
29;1;Ясно (1)
30;2;Облачно (2)
31;2;Облачно (2)
32;2;Облачно (2)
33;3;Пасмурно (3)
34;1;Ясно (1)
35;1;Ясно (1)
36;1;Ясно (1)
37;2;Облачно (2)
38;2;Облачно (2)
39;3;Пасмурно (3)
40;2;Облачно (2)
41;3;Пасмурно (3)
42;2;Облачно (2)
43;3;Пасмурно (3)
44;2;Облачно (2)
45;2;Облачно (2)
46;2;Облачно (2)
47;1;Ясно (1)
48;1;Ясно (1)
49;1;Ясно (1)
50;1;Ясно (1)
51;2;Облачно (2)
52;3;Пасмурно (3)
53;3;Пасмурно (3)
54;3;Пасмурно (3)
55;2;Облачно (2)
56;3;Пасмурно (3)
57;3;Пасмурно (3)
58;1;Ясно (1)
59;2;Облачно (2)
60;1;Ясно (1)
61;1;Ясно (1)
62;2;Облачно (2)
63;3;Пасмурно (3)
64;3;Пасмурно (3)
65;3;Пасмурно (3)
66;3;Пасмурно (3)
67;3;Пасмурно (3)
68;2;Облачно (2)
69;2;Облачно (2)
70;1;Ясно (1)
71;2;Облачно (2)
72;2;Облачно (2)
73;3;Пасмурно (3)
74;2;Облачно (2)
75;3;Пасмурно (3)
76;3;Пасмурно (3)
77;2;Облачно (2)
78;2;Облачно (2)
79;2;Облачно (2)
80;1;Ясно (1)
81;2;Облачно (2)
82;2;Облачно (2)
83;3;Пасмурно (3)
84;1;Ясно (1)
85;1;Ясно (1)
86;1;Ясно (1)
87;1;Ясно (1)
88;1;Ясно (1)
89;2;Облачно (2)
90;1;Ясно (1)
91;2;Облачно (2)
92;2;Облачно (2)
93;1;Ясно (1)
94;1;Ясно (1)
95;1;Ясно (1)
96;1;Ясно (1)
97;2;Облачно (2)
98;2;Облачно (2)
99;3;Пасмурно (3)
100;2;Облачно (2)
101;2;Облачно (2)
102;1;Ясно (1)
103;1;Ясно (1)
104;1;Ясно (1)
105;1;Ясно (1)
106;2;Облачно (2)
107;2;Облачно (2)
108;1;Ясно (1)
109;1;Ясно (1)
110;1;Ясно (1)
111;2;Облачно (2)
112;1;Ясно (1)
113;1;Ясно (1)
114;1;Ясно (1)
115;3;Пасмурно (3)
116;3;Пасмурно (3)
117;2;Облачно (2)
118;2;Облачно (2)
119;2;Облачно (2)
120;2;Облачно (2)
121;3;Пасмурно (3)
122;2;Облачно (2)
123;2;Облачно (2)
124;3;Пасмурно (3)
125;2;Облачно (2)
126;3;Пасмурно (3)
127;2;Облачно (2)
128;2;Облачно (2)
129;3;Пасмурно (3)
130;1;Ясно (1)
131;1;Ясно (1)
132;2;Облачно (2)
133;1;Ясно (1)
134;1;Ясно (1)
135;2;Облачно (2)
136;2;Облачно (2)
137;1;Ясно (1)
138;1;Ясно (1)
139;2;Облачно (2)
140;2;Облачно (2)
141;2;Облачно (2)
142;2;Облачно (2)
143;1;Ясно (1)
144;2;Облачно (2)
145;2;Облачно (2)
146;2;Облачно (2)
147;1;Ясно (1)
148;1;Ясно (1)
149;1;Ясно (1)
150;1;Ясно (1)
151;1;Ясно (1)
152;1;Ясно (1)
153;3;Пасмурно (3)
154;3;Пасмурно (3)
155;3;Пасмурно (3)
156;2;Облачно (2)
157;2;Облачно (2)
158;2;Облачно (2)
159;2;Облачно (2)
160;3;Пасмурно (3)
161;2;Облачно (2)
162;2;Облачно (2)
163;2;Облачно (2)
164;3;Пасмурно (3)
165;3;Пасмурно (3)
166;2;Облачно (2)
167;3;Пасмурно (3)
168;1;Ясно (1)
169;2;Облачно (2)
170;2;Облачно (2)
171;2;Облачно (2)
172;2;Облачно (2)
173;2;Облачно (2)
174;2;Облачно (2)
175;3;Пасмурно (3)
176;2;Облачно (2)
177;2;Облачно (2)
178;2;Облачно (2)
179;3;Пасмурно (3)
180;3;Пасмурно (3)
181;3;Пасмурно (3)
182;2;Облачно (2)
183;1;Ясно (1)
184;2;Облачно (2)
185;3;Пасмурно (3)
186;3;Пасмурно (3)
187;2;Облачно (2)
188;3;Пасмурно (3)
189;3;Пасмурно (3)
190;2;Облачно (2)
191;3;Пасмурно (3)
192;3;Пасмурно (3)
193;3;Пасмурно (3)
194;2;Облачно (2)
195;3;Пасмурно (3)
196;3;Пасмурно (3)
197;1;Ясно (1)
198;1;Ясно (1)
199;1;Ясно (1)
200;1;Ясно (1)
201;2;Облачно (2)
202;3;Пасмурно (3)
203;3;Пасмурно (3)
204;2;Облачно (2)
205;2;Облачно (2)
206;2;Облачно (2)
207;1;Ясно (1)
208;1;Ясно (1)
209;2;Облачно (2)
210;2;Облачно (2)
211;2;Облачно (2)
212;2;Облачно (2)
213;2;Облачно (2)
214;2;Облачно (2)
215;1;Ясно (1)
216;1;Ясно (1)
217;1;Ясно (1)
218;1;Ясно (1)
219;1;Ясно (1)
220;1;Ясно (1)
221;2;Облачно (2)
222;3;Пасмурно (3)
223;3;Пасмурно (3)
224;1;Ясно (1)
225;1;Ясно (1)
226;1;Ясно (1)
227;2;Облачно (2)
228;1;Ясно (1)
229;1;Ясно (1)
230;2;Облачно (2)
231;2;Облачно (2)
232;3;Пасмурно (3)
233;3;Пасмурно (3)
234;2;Облачно (2)
235;2;Облачно (2)
236;2;Облачно (2)
237;3;Пасмурно (3)
238;1;Ясно (1)
239;2;Облачно (2)
240;2;Облачно (2)
241;2;Облачно (2)
242;1;Ясно (1)
243;1;Ясно (1)
244;1;Ясно (1)
245;1;Ясно (1)
246;1;Ясно (1)
247;1;Ясно (1)
248;1;Ясно (1)
249;1;Ясно (1)
250;1;Ясно (1)
251;1;Ясно (1)
252;2;Облачно (2)
253;3;Пасмурно (3)
254;2;Облачно (2)
255;2;Облачно (2)
256;2;Облачно (2)
257;1;Ясно (1)
258;1;Ясно (1)
259;2;Облачно (2)
260;3;Пасмурно (3)
261;2;Облачно (2)
262;3;Пасмурно (3)
263;3;Пасмурно (3)
264;3;Пасмурно (3)
265;2;Облачно (2)
266;2;Облачно (2)
267;3;Пасмурно (3)
268;1;Ясно (1)
269;1;Ясно (1)
270;2;Облачно (2)
271;3;Пасмурно (3)
272;3;Пасмурно (3)
273;2;Облачно (2)
274;3;Пасмурно (3)
275;3;Пасмурно (3)
276;2;Облачно (2)
277;1;Ясно (1)
278;1;Ясно (1)
279;2;Облачно (2)
280;3;Пасмурно (3)
281;2;Облачно (2)
282;3;Пасмурно (3)
283;1;Ясно (1)
284;1;Ясно (1)
285;1;Ясно (1)
286;2;Облачно (2)
287;3;Пасмурно (3)
288;3;Пасмурно (3)
289;3;Пасмурно (3)
290;3;Пасмурно (3)
291;2;Облачно (2)
292;2;Облачно (2)
293;1;Ясно (1)
294;1;Ясно (1)
295;2;Облачно (2)
296;2;Облачно (2)
297;3;Пасмурно (3)
298;2;Облачно (2)
299;1;Ясно (1)
300;2;Облачно (2)
301;2;Облачно (2)
302;2;Облачно (2)
303;2;Облачно (2)
304;3;Пасмурно (3)
305;3;Пасмурно (3)
306;3;Пасмурно (3)
307;3;Пасмурно (3)
308;2;Облачно (2)
309;3;Пасмурно (3)
310;3;Пасмурно (3)
311;2;Облачно (2)
312;2;Облачно (2)
313;3;Пасмурно (3)
314;1;Ясно (1)
315;2;Облачно (2)
316;2;Облачно (2)
317;2;Облачно (2)
318;2;Облачно (2)
319;2;Облачно (2)
320;3;Пасмурно (3)
321;3;Пасмурно (3)
322;1;Ясно (1)
323;1;Ясно (1)
324;1;Ясно (1)
325;1;Ясно (1)
326;3;Пасмурно (3)
327;2;Облачно (2)
328;2;Облачно (2)
329;1;Ясно (1)
330;1;Ясно (1)
331;1;Ясно (1)
332;1;Ясно (1)
333;1;Ясно (1)
334;1;Ясно (1)
335;1;Ясно (1)
336;2;Облачно (2)
337;1;Ясно (1)
338;1;Ясно (1)
339;1;Ясно (1)
340;3;Пасмурно (3)
341;3;Пасмурно (3)
342;2;Облачно (2)
343;2;Облачно (2)
344;3;Пасмурно (3)
345;2;Облачно (2)
346;1;Ясно (1)
347;1;Ясно (1)
348;1;Ясно (1)
349;2;Облачно (2)
350;2;Облачно (2)
351;3;Пасмурно (3)
352;2;Облачно (2)
353;2;Облачно (2)
354;2;Облачно (2)
355;3;Пасмурно (3)
356;2;Облачно (2)
357;2;Облачно (2)
358;3;Пасмурно (3)
359;3;Пасмурно (3)
360;3;Пасмурно (3)
361;1;Ясно (1)
362;1;Ясно (1)
363;2;Облачно (2)
364;2;Облачно (2)
365;3;Пасмурно (3)
366;2;Облачно (2)
367;2;Облачно (2)
368;3;Пасмурно (3)
369;2;Облачно (2)
370;2;Облачно (2)
371;1;Ясно (1)
372;2;Облачно (2)
373;2;Облачно (2)
374;1;Ясно (1)
375;2;Облачно (2)
376;2;Облачно (2)
377;1;Ясно (1)
378;1;Ясно (1)
379;1;Ясно (1)
380;1;Ясно (1)
381;1;Ясно (1)
382;2;Облачно (2)
383;2;Облачно (2)
384;1;Ясно (1)
385;1;Ясно (1)
386;2;Облачно (2)
387;2;Облачно (2)
388;1;Ясно (1)
389;1;Ясно (1)
390;1;Ясно (1)
391;2;Облачно (2)
392;1;Ясно (1)
393;1;Ясно (1)
394;3;Пасмурно (3)
395;3;Пасмурно (3)
396;2;Облачно (2)
397;3;Пасмурно (3)
398;2;Облачно (2)
399;2;Облачно (2)
400;2;Облачно (2)
401;1;Ясно (1)
402;3;Пасмурно (3)
403;2;Облачно (2)
404;2;Облачно (2)
405;1;Ясно (1)
406;1;Ясно (1)
407;1;Ясно (1)
408;1;Ясно (1)
409;2;Облачно (2)
410;2;Облачно (2)
411;2;Облачно (2)
412;1;Ясно (1)
413;1;Ясно (1)
414;1;Ясно (1)
415;1;Ясно (1)
416;1;Ясно (1)
417;1;Ясно (1)
418;3;Пасмурно (3)
419;3;Пасмурно (3)
420;3;Пасмурно (3)
421;3;Пасмурно (3)
422;3;Пасмурно (3)
423;2;Облачно (2)
424;3;Пасмурно (3)
425;3;Пасмурно (3)
426;3;Пасмурно (3)
427;3;Пасмурно (3)
428;2;Облачно (2)
429;2;Облачно (2)
430;2;Облачно (2)
431;2;Облачно (2)
432;2;Облачно (2)
433;2;Облачно (2)
434;1;Ясно (1)
435;2;Облачно (2)
436;2;Облачно (2)
437;2;Облачно (2)
438;2;Облачно (2)
439;2;Облачно (2)
440;3;Пасмурно (3)
441;2;Облачно (2)
442;1;Ясно (1)
443;3;Пасмурно (3)
444;1;Ясно (1)
445;2;Облачно (2)
446;2;Облачно (2)
447;2;Облачно (2)
448;3;Пасмурно (3)
449;2;Облачно (2)
450;3;Пасмурно (3)
451;2;Облачно (2)
452;1;Ясно (1)
453;1;Ясно (1)
454;2;Облачно (2)
455;3;Пасмурно (3)
456;3;Пасмурно (3)
457;3;Пасмурно (3)
458;2;Облачно (2)
459;2;Облачно (2)
460;2;Облачно (2)
461;3;Пасмурно (3)
462;2;Облачно (2)
463;2;Облачно (2)
464;2;Облачно (2)
465;3;Пасмурно (3)
466;2;Облачно (2)
467;1;Ясно (1)
468;2;Облачно (2)
469;3;Пасмурно (3)
470;2;Облачно (2)
471;2;Облачно (2)
472;3;Пасмурно (3)
473;3;Пасмурно (3)
474;2;Облачно (2)
475;2;Облачно (2)
476;2;Облачно (2)
477;1;Ясно (1)
478;2;Облачно (2)
479;2;Облачно (2)
480;2;Облачно (2)
481;1;Ясно (1)
482;1;Ясно (1)
483;1;Ясно (1)
484;1;Ясно (1)
485;1;Ясно (1)
486;1;Ясно (1)
487;2;Облачно (2)
488;3;Пасмурно (3)
489;3;Пасмурно (3)
490;3;Пасмурно (3)
491;2;Облачно (2)
492;2;Облачно (2)
493;3;Пасмурно (3)
494;3;Пасмурно (3)
495;2;Облачно (2)
496;1;Ясно (1)
497;2;Облачно (2)
498;2;Облачно (2)
499;3;Пасмурно (3)
500;1;Ясно (1)
501;2;Облачно (2)
502;2;Облачно (2)
503;2;Облачно (2)
504;2;Облачно (2)
505;3;Пасмурно (3)
